sample_id,soil_moisture_pct,temperature_c,humidity_pct,rainfall_mm,soil_ph,irrigation_target
IRR-001,22,34,38,0,6.5,1
IRR-002,48,29,55,2,6.8,0
IRR-003,31,36,42,0,6.2,1
IRR-004,67,27,68,8,7.1,0
IRR-005,28,33,45,1,6.4,1
IRR-006,40,31,50,4,6.7,0
IRR-007,18,39,32,0,5.9,1
IRR-008,55,26,72,12,7.0,0
IRR-009,34,35,47,3,6.3,1
IRR-010,76,24,80,20,7.3,0
IRR-011,29,37,41,2,6.1,1
IRR-012,45,30,58,0,6.9,0
IRR-013,12,42,30,0,5.8,1
IRR-014,63,28,66,5,7.2,0
IRR-015,36,32,49,1,6.6,0
IRR-016,25,40,35,0,6.0,1
IRR-017,52,25,70,15,7.4,0
IRR-018,33,34,44,4,6.5,1
IRR-019,70,23,78,25,7.1,0
IRR-020,20,38,36,0,6.2,1
